{"name":"trainPad","vendorProductId":1097531395,"firmwareVersion":0,"menus":[],"keycodes":[],"matrix":{"rows":1,"cols":4},"layouts":{"width":5,"height":1.5,"optionKeys":{},"keys":[{"row":0,"col":1,"x":2,"y":0.5000000000000001,"r":0,"rx":1.1102230246251565e-16,"ry":6.123233995736766e-17,"d":false,"h":1,"w":1,"color":"alpha"},{"row":0,"col":2,"x":3,"y":0.5000000000000001,"r":0,"rx":1.1102230246251565e-16,"ry":6.123233995736766e-17,"d":false,"h":1,"w":1,"color":"alpha"},{"row":0,"col":3,"x":4,"y":0.5000000000000001,"r":0,"rx":1.1102230246251565e-16,"ry":6.123233995736766e-17,"d":false,"h":1,"w":1,"color":"alpha"},{"row":0,"col":0,"x":0.2500000000000001,"y":6.123233995736766e-17,"r":90,"rx":1,"ry":1,"d":false,"h":2,"w":1.25,"w2":1.5,"x2":-0.25,"h2":1,"color":"mod"}]}}